<?xml version="1.0" encoding="UTF-8"?>
<!DOCTYPE tiles-definitions PUBLIC 
"-//Apache Software Foundation//DTD Tiles Configuration 3.0//EN" 
"http://tiles.apache.org/dtds/tiles-config_3_0.dtd">
<tiles-definitions>
    <definition name="admin" template="/WEB-INF/views/admin/layout.jsp">
        <put-attribute name="content" value=""/>
    </definition>
    <definition name="*.admin" extends="admin">
 		<put-attribute name="content" value="/WEB-INF/views/admin/{1}.jsp"/>
    </definition>
    
    <definition name="login" template="/WEB-INF/views/admin/login_layout.jsp">    
        <put-attribute name="content" value=""/>  
    </definition>
    <definition name="*.login" extends="login">
        <put-attribute name="content" value="/WEB-INF/views/admin/{1}.jsp"/>
    </definition>
    
        <definition name="board" template="/WEB-INF/views/board/board_layout.jsp">    
        <put-attribute name="content" value=""/>  
    </definition>
    <definition name="*.board" extends="board">
        <put-attribute name="content" value="/WEB-INF/views/board/{1}.jsp"/>
    </definition>
    
</tiles-definitions>