<?xml version="1.0" encoding="UTF-8"?>
<beans xmlns="http://www.springframework.org/schema/beans"
    xmlns:xsi="http://www.w3.org/2001/XMLSchema-instance"
    xmlns:aop="http://www.springframework.org/schema/aop"
    xmlns:c="http://www.springframework.org/schema/c"
    xmlns:context="http://www.springframework.org/schema/context"
    xmlns:jee="http://www.springframework.org/schema/jee"
    xmlns:mvc="http://www.springframework.org/schema/mvc"
    xmlns:util="http://www.springframework.org/schema/util"
    xmlns:jdbc="http://www.springframework.org/schema/jdbc"
    xmlns:tx="http://www.springframework.org/schema/tx"
    xmlns:mybatis-spring="http://mybatis.org/schema/mybatis-spring"
    xsi:schemaLocation="http://www.springframework.org/schema/jdbc http://www.springframework.org/schema/jdbc/spring-jdbc-4.3.xsd
        http://www.springframework.org/schema/jee http://www.springframework.org/schema/jee/spring-jee-3.1.xsd
        http://www.springframework.org/schema/mvc http://www.springframework.org/schema/mvc/spring-mvc-3.1.xsd
        http://mybatis.org/schema/mybatis-spring http://mybatis.org/schema/mybatis-spring-1.2.xsd
        http://www.springframework.org/schema/beans http://www.springframework.org/schema/beans/spring-beans.xsd
        http://www.springframework.org/schema/context http://www.springframework.org/schema/context/spring-context-3.1.xsd
        http://www.springframework.org/schema/aop http://www.springframework.org/schema/aop/spring-aop-3.1.xsd
        http://www.springframework.org/schema/tx http://www.springframework.org/schema/tx/spring-tx-4.3.xsd
        http://www.springframework.org/schema/util http://www.springframework.org/schema/util/spring-util-3.1.xsd">
        <context:annotation-config/>
    <mvc:annotation-driven />
    <mvc:resources mapping="/resources/**" location="/resources/" />
    <mybatis-spring:scan base-package="com.mac.web.mapper"/>
    <context:property-placeholder location="classpath:config/jdbc.properties"/>
    <bean class="org.springframework.beans.factory.config.PropertyPlaceholderConfigurer"/>
    <bean id="dataSource" 
        class="org.apache.commons.dbcp.BasicDataSource" 
        destroy-method="close">
        <property name="driverClassName" value="${jdbc.driver}"/>
        <property name="url" value="${jdbc.url}"/>
        <property name="username" value="${jdbc.username}"/>
        <property name="password" value="${jdbc.password}"/>    
    </bean>
    
    <bean id="sqlSessionFactoryBean" class="org.mybatis.spring.SqlSessionFactoryBean">
        <property name="dataSource" ref="dataSource"></property>
        <property name="mapperLocations" value="classpath*:com/mac/web/mapper/*.xml"></property>
    </bean>
    <bean id="sqlSessionTemplate" class="org.mybatis.spring.SqlSessionTemplate">
        <constructor-arg ref="sqlSessionFactoryBean"></constructor-arg>
    </bean>
    <!-- Resolves views selected for rendering by @Controllers to .jsp resources in the /WEB-INF/views directory -->
	<bean class="org.springframework.web.servlet.view.ContentNegotiatingViewResolver">
		<property name="viewResolvers">
			<list>
				<bean class="org.springframework.web.servlet.view.UrlBasedViewResolver">
					<property name="viewClass" value="org.springframework.web.servlet.view.tiles3.TilesView"/>
				</bean>
				<bean class="org.springframework.web.servlet.view.InternalResourceViewResolver">
					<property name="prefix" value="/WEB-INF/views/" />
					<property name="suffix" value=".jsp" />
				</bean>
			</list>
		</property>
	</bean>
	<bean id="tilesConfigurer" class="org.springframework.web.servlet.view.tiles3.TilesConfigurer">
		<property name="definitions">
			<list> 
				<value>/WEB-INF/tiles.xml</value>			
			</list>
		</property>
	</bean>
    

    <bean id="contentNegotiationManager" class="org.springframework.web.accept.ContentNegotiationManager">
        <constructor-arg>
            <bean class="org.springframework.web.accept.PathExtensionContentNegotiationStrategy">
                <constructor-arg>
                    <map>
                        <entry key="atom">
                            <util:constant static-field="org.springframework.http.MediaType.APPLICATION_ATOM_XML"/>
                        </entry>
                    </map>
                </constructor-arg>
            </bean>
        </constructor-arg>
    </bean> 
     <bean id="multipartResolver" class="org.springframework.web.multipart.commons.CommonsMultipartResolver" />
     
     <bean id="dataSourceTransactionManager" class="org.springframework.jdbc.datasource.DataSourceTransactionManager">
        <property name="dataSource" ref="dataSource"></property>
    </bean>
    <bean id="transactionManager" class="org.springframework.jdbc.datasource.DataSourceTransactionManager">
        <property name="dataSource" ref="dataSource"></property>
    </bean>
    <tx:annotation-driven transaction-manager="transactionManager"/>
     
    <context:component-scan base-package="com.mac.web" />
</beans>