<?xml version="1.0" encoding="UTF-8"?>
<!DOCTYPE mapper
  PUBLIC "-//mybatis.org//DTD Mapper 3.0//EN"
  "http://mybatis.org/dtd/mybatis-3-mapper.dtd">
<mapper namespace="com.mac.web.mapper.Mapper">
<resultMap type="java.util.HashMap" id="itemMap">
	<id property="itemSeq" column="item_seq" />
	<result property="itemName" column="item_name"/>
	<result property="itemStock" column="item_stock"/>
	<result property="colorExp" column="color_exp"/>
	<result property="textureExp" column="texture_exp"/>
	<result property="picName" column="pic_name"/>
	<result property="itemCode" column="item_code"/>
	<result property="commonName" column="common_name"/>
	<result property="commonExp" column="common_exp"/>
	<result property="price" column="price"/>
	<result property="discount" column="discount"/>
	<result property="detailInfo" column="detail_info"/>
	<result property="ingredient" column="ingredient"/>
	<result property="weight" column="weight"/>
</resultMap>
 	<select  id="joinidSearch" resultType="int" parameterType="com.mac.web.domain.Command">
 		SELECT COUNT(*)
 		  FROM CUSTOMER
 		 WHERE custom_id = #{col1}
 		   AND custom_id is not null 
 	</select>
    <select id="serachCustomerById" resultType="com.mac.web.domain.Customer" parameterType="com.mac.web.domain.Command">
    SELECT *
      FROM   CUSTOMER 
     WHERE   custom_id = #{col1}
       AND   custom_pass = #{col2} 
     	 
    </select>
    <select id="exist" resultType="int" parameterType="com.mac.web.domain.Command">
    SELECT COUNT(*)
      FROM CUSTOMER 
     WHERE custom_id = #{col1}
       AND custom_pass = #{col2} 
    </select>
        <select id="selectAddr" resultType="int" parameterType="com.mac.web.domain.Command">
    SELECT COUNT(*)
      FROM ADDRESS
     WHERE custom_id = #{col1}
    </select>
    
	<select id="macBasketTotalPrice" resultType="map" parameterType="hashMap">
  	SELECT  sum(a.price*b.item_count) as price 
	  	  , sum((price-(a.price*(a.discount)))*b.item_Count) as total
		  , sum(a.price*b.item_count*a.discount) as discount
  	  FROM  BASKET b 
  	  join  ITEM i 
  	    on  i.item_seq like b.item_seq 
  	  join  CUSTOMER c 
        on  c.custom_id like b.custom_id
      join  COMMON_FEATURE a
	    on  a.item_code like i.item_code   
 	 WHERE  i.item_seq = b.item_seq
       AND  b.custom_id = #{customid}
       AND  a.item_code = i.item_code
    </select>
    
    <select id="macDate" resultType="map" parameterType="hashMap">
    SELECT  i.item_name as itemName
          , i.color_exp as colorExp
          , i.item_seq as itemSeq
          , i.pic_name as picName 
          , i.item_code as itemCode
      FROM  ITEM i 
      join  COMMON_FEATURE c 
        on  i.item_code like c.item_code
    </select>
     <select id="selectMypage" resultType="map" parameterType="hashMap">
 	SELECT   c.name
 	      ,  c.custom_id as customId
 		  ,  c.phone_num as phoneNum
 		  ,  c.email  
 	      ,  g.grade_name as gradeName
 	  FROM CUSTOMER c
 	  join CUSTOMER_GRADE g
 	  on   c.grade_code like g.grade_code
 	 WHERE custom_id = #{customid}
    </select>  
    
    	<select id="mypageItem" resultType="map" parameterType="hashMap">
	SELECT  item_name as itemName
		  , basket_seq as basketSeq
   	  	  , pic_name as picName
   	  	  , i.item_seq as itemSeq
   	  	  , a.item_code as itemCode
 		  , item_count as itemCount
 		  , price 
   	  	  , price-(a.price*(a.discount)) as discountPrice	  	  
   	  	  , (price-(a.price*(a.discount)))*b.item_Count as total
   	  	  , i.texture_exp as textureExp
   	  	 
  	  FROM  BASKET b 
  	  join  CUSTOMER c
  	    on  c.custom_id like b.custom_id
  	  join  ITEM i 
  	    on  i.item_seq like b.item_seq 
      join  COMMON_FEATURE a
	    on  a.item_code like i.item_code 
 	 WHERE  i.item_seq = b.item_seq
       AND  b.custom_id = #{customid}
    </select>
     
	<select id="macOrderBasket" resultType="map" parameterType="hashMap">
	SELECT  item_name as itemName
		  , basket_seq as basketSeq
   	  	  , pic_name as picName
   	  	  , i.item_seq as itemSeq
   	  	  , a.item_code as itemCode
 		  , item_count as itemCount
 		  , price 
   	  	  , price-(a.price*(a.discount)) as discountPrice	  	  
   	  	  , (price-(a.price*(a.discount)))*b.item_Count as total
   	  	  , i.texture_exp as textureExp
  	  FROM  BASKET b 
  	  join  ITEM i 
  	    on  i.item_seq like b.item_seq 
      join  COMMON_FEATURE a
	    on  a.item_code like i.item_code   
 	 WHERE  i.item_seq = b.item_seq
       AND  b.custom_id = #{customid}
    </select>
       <select id="searchChart" resultType="map" parameterType="hashMap">
		SELECT 	count
			  , sell_date as sellDate
		 FROM CHART
		WHERE item_code=item_code
	 GROUP BY sell_date,item_code,sell_date
    </select>
    <select id="searchOrderBasket" resultType="map" parameterType="hashMap">
	SELECT  item_name as itemName
   	  	  , pic_name as picName
   	  	  , i.item_seq as itemSeq
   	  	  , a.item_code as itemCode
 		  , item_count as itemCount
 		  , price 
   	  	  , price-(a.price*(a.discount)) as discountPrice	  	  
   	  	  , (price-(a.price*(a.discount)))*b.item_Count as total
   	  	  , i.texture_exp as textureExp
  	  FROM  BASKET b 
  	  join  ITEM i 
  	    on  i.item_seq like b.item_seq 
      join  COMMON_FEATURE a
	    on  a.item_code like i.item_code   
 	 WHERE  i.item_seq = b.item_seq
       AND  b.custom_id = #{customid}
    </select>
    
       <select id="selectMypageItem" resultType="map" parameterType="hashMap">
	SELECT  item_name as itemName
   	  	  , pic_name as picName
   	  	  , i.item_seq as itemSeq
   	  	  , a.item_code as itemCode
 		  , item_count as itemCount
 		  , price 
   	  	  , price-(a.price*(a.discount)) as discountPrice	  	  
   	  	  , (price-(a.price*(a.discount)))*b.item_Count as total
   	  	  , i.texture_exp as textureExp
   	  	  , b.basket_seq as basketSeq
  	  FROM  BASKET b 
  	  join  ITEM i 
  	    on  i.item_seq like b.item_seq 
      join  COMMON_FEATURE a
	    on  a.item_code like i.item_code   
 	 WHERE  i.item_seq = b.item_seq
       AND  b.custom_id = #{customid}
    </select>   
     
     <select id="selectBasket" resultType="int" parameterType="com.mac.web.domain.Command">
    SELECT count(1)
      FROM BASKET 
     WHERE custom_id = #{col1}
       AND item_seq  = #{col2}
    </select>
    <select id="addrSearch" resultType="map" parameterType="hashMap" >
    SELECT   addr
  	  FROM   ADDRESS a 
      JOIN   CUSTOMER c
        ON 	a.custom_id like c.custom_id
     WHERE   a.custom_id = #{col1}
    </select>
    <insert id="macBasket" parameterType="hashMap">
        insert into BASKET(
        				   custom_id
                         , item_seq
                         , item_count
                         , item_code
                          ) values(#{customid}
                         , #{itemseq}
                         , 1
                         , #{itemcode} 
                          )
    </insert>
    <update id="macBasketUpdate" parameterType="hashMap" >
    	UPDATE BASKET 
    	   SET item_count = item_count+1
    	 WHERE custom_id = #{customid}
    	   AND item_seq = #{itemseq}
    </update>
        <update id="macBasketUpdateOrder" parameterType="hashMap" >
    	UPDATE BASKET 
    	   SET item_count = #{count}
    	 WHERE item_seq = #{seq} 
    </update>
	<insert id="basketAddr"  parameterType="hashMap">
        INSERT INTO ADDRESS(
        				   custom_id
                         , name
                         , phone_num
                         , addr
                         , detail_addr
                         , board
                          ) values(
                           #{customid}
                         , #{customname}
                         , #{phoneNum}
                         , #{customaddr1}
                         , #{detailAddr}
                         , #{customtext}
                          )
    </insert>
    <insert id="insertAddr" parameterType="hashMap" >
    	INSERT INTO CUSTOMER(
			   		   custom_id
                     , custom_pass
                     , name
                     , email
                     , phone_num
                     , profile
                     , join_date
                     , consumption
                     , grade_code
                      ) values (
                       #{inputJoinId}
                     , #{inputJoinPass}
                     , #{inputJoinName}
                     , #{inputJoinEmail}
                     , #{inputJoinPhoneNum}
                     , #{inputJoinMypageProfile}
                     , now()
                     , 0
                     , 1
                      )
    </insert>
    <insert id="orderUpdate" parameterType="hashMap">
    	INSERT 
  	      INTO  ORDERS
  	            (
	            custom_id
  	         ,  total_price
	         ,  order_date	 	 	
			    )
	  VALUES
	            (
			    #{customid}
			 ,  #{orderTotal}
			 ,  now()	  
		        )
    
    </insert>
    <delete id="deleteBasket" parameterType="hashMap">
    		DELETE
  			  FROM BASKET
  			 WHERE basket_seq = #{basketSeq}
    </delete>
        <delete id="deleteBasketById" parameterType="hashMap">
    		DELETE
  			  FROM BASKET
  			 WHERE custom_id = #{customid}
    </delete>
    <delete id="deleteMypageById" parameterType="hashMap">
  		DELETE
		  FROM  BASKET 
		 WHERE  custom_id = #{customid}
		   AND  basket_seq = #{basketSeq}
    </delete>
    <select id="findByItemCodenItemSeq" parameterType="hashMap" resultMap="itemMap">
	select i.item_seq,
		i.item_name,
		i.item_stock,
		i.color_exp,
		i.texture_exp,
		i.pic_name,
		c.item_code,
		c.common_name,
		c.common_exp,
		c.price,
		c.discount,
		c.detail_info,
		c.ingredient,
		c.weight
	from ITEM i, COMMON_FEATURE c
	where i.item_seq like ${itemSeq}
		and c.item_code like #{itemCode};
</select>
</mapper>